Datetime,Water Level (m)
2025-06-20 06:00:00,0.33797312
2025-06-20 07:00:00,0.1626528
2025-06-20 08:00:00,0.04404797
2025-06-20 09:00:00,0.0033310987
2025-06-20 10:00:00,0.18380892
2025-06-20 11:00:00,0.48747692
2025-06-20 12:00:00,0.77222705
2025-06-20 13:00:00,0.98705983
2025-06-20 14:00:00,1.0844923
2025-06-20 15:00:00,1.0465229
2025-06-20 16:00:00,0.8224125
2025-06-20 17:00:00,0.5458055
2025-06-20 18:00:00,0.30142832
2025-06-20 19:00:00,0.105446346
2025-06-20 20:00:00,-0.053603724
2025-06-20 21:00:00,-0.17853683
2025-06-20 22:00:00,-0.24099618
2025-06-20 23:00:00,-0.02740819
2025-06-21 00:00:00,0.33391505
2025-06-21 01:00:00,0.6475335
2025-06-21 02:00:00,0.9115383
2025-06-21 03:00:00,1.0660855
2025-06-21 04:00:00,1.078884
2025-06-21 05:00:00,0.9022241
2025-06-21 06:00:00,0.6241734
2025-06-21 07:00:00,0.38536653
2025-06-21 08:00:00,0.19625962
2025-06-21 09:00:00,0.054863986
2025-06-21 10:00:00,-0.041245785
2025-06-21 11:00:00,0.0018124325
2025-06-21 12:00:00,0.34174463
2025-06-21 13:00:00,0.65326434
2025-06-21 14:00:00,0.90756583
2025-06-21 15:00:00,1.0446032
2025-06-21 16:00:00,1.0268573
2025-06-21 17:00:00,0.8225994
2025-06-21 18:00:00,0.5520582
2025-06-21 19:00:00,0.30844054
2025-06-21 20:00:00,0.10992242
2025-06-21 21:00:00,-0.0549474
2025-06-21 22:00:00,-0.18938567
2025-06-21 23:00:00,-0.26822445
2025-06-22 00:00:00,-0.06183764
2025-06-22 01:00:00,0.3563411
2025-06-22 02:00:00,0.71617705
2025-06-22 03:00:00,1.0249146
2025-06-22 04:00:00,1.2139399
2025-06-22 05:00:00,1.2490398
2025-06-22 06:00:00,1.0571897
2025-06-22 07:00:00,0.7510699
2025-06-22 08:00:00,0.49488923
2025-06-22 09:00:00,0.28682894
2025-06-22 10:00:00,0.12476095
2025-06-22 11:00:00,0.0027426179
2025-06-22 12:00:00,-0.02636274
2025-06-22 13:00:00,0.28442094
2025-06-22 14:00:00,0.63727343
2025-06-22 15:00:00,0.92129874
2025-06-22 16:00:00,1.0875244
2025-06-22 17:00:00,1.0915432
2025-06-22 18:00:00,0.88837975
2025-06-22 19:00:00,0.6019035
2025-06-22 20:00:00,0.35036924
2025-06-22 21:00:00,0.14337806
2025-06-22 22:00:00,-0.025226796
2025-06-22 23:00:00,-0.1648515
2025-06-23 00:00:00,-0.25417295
2025-06-23 01:00:00,-0.04139795
2025-06-23 02:00:00,0.41756
2025-06-23 03:00:00,0.8106808
2025-06-23 04:00:00,1.1373788
2025-06-23 05:00:00,1.3382194
2025-06-23 06:00:00,1.3671849
2025-06-23 07:00:00,1.1483556
2025-06-23 08:00:00,0.8266062
2025-06-23 09:00:00,0.5606203
2025-06-23 10:00:00,0.343834
2025-06-23 11:00:00,0.16949327
2025-06-23 12:00:00,0.031255383
2025-06-23 13:00:00,-0.03766711
2025-06-23 14:00:00,0.24102855
2025-06-23 15:00:00,0.64672065
2025-06-23 16:00:00,0.96445906
2025-06-23 17:00:00,1.164002
2025-06-23 18:00:00,1.1860687
2025-06-23 19:00:00,0.97490066
2025-06-23 20:00:00,0.67291766
2025-06-23 21:00:00,0.41139784
2025-06-23 22:00:00,0.19460848
2025-06-23 23:00:00,0.020644214
2025-06-24 00:00:00,-0.1276888
2025-06-24 01:00:00,-0.22066714
2025-06-24 02:00:00,0.026296388
2025-06-24 03:00:00,0.5196264
2025-06-24 04:00:00,0.94100916
2025-06-24 05:00:00,1.2877669
2025-06-24 06:00:00,1.4948431
2025-06-24 07:00:00,1.5032692
2025-06-24 08:00:00,1.2311741
2025-06-24 09:00:00,0.89493364
2025-06-24 10:00:00,0.61476487
2025-06-24 11:00:00,0.3885913
2025-06-24 12:00:00,0.20414247
2025-06-24 13:00:00,0.058419954
2025-06-24 14:00:00,-0.016851278
2025-06-24 15:00:00,0.28425738
2025-06-24 16:00:00,0.71084654
2025-06-24 17:00:00,1.0411412
2025-06-24 18:00:00,1.2405418
2025-06-24 19:00:00,1.2449235
2025-06-24 20:00:00,1.0001895
2025-06-24 21:00:00,0.6918031
2025-06-24 22:00:00,0.43089345
2025-06-24 23:00:00,0.21380281
2025-06-25 00:00:00,0.04025667
2025-06-25 01:00:00,-0.10900429
2025-06-25 02:00:00,-0.18570971
2025-06-25 03:00:00,0.1725008
2025-06-25 04:00:00,0.68790644
2025-06-25 05:00:00,1.1433585
2025-06-25 06:00:00,1.5032915
2025-06-25 07:00:00,1.6979905
2025-06-25 08:00:00,1.6475726
2025-06-25 09:00:00,1.3462967
2025-06-25 10:00:00,1.0324187
2025-06-25 11:00:00,0.7639546
2025-06-25 12:00:00,0.5495005
2025-06-25 13:00:00,0.36721817
2025-06-25 14:00:00,0.2189836
2025-06-25 15:00:00,0.16272897
2025-06-25 16:00:00,0.52057785
2025-06-25 17:00:00,0.960355
2025-06-25 18:00:00,1.2823578
2025-06-25 19:00:00,1.4522705
2025-06-25 20:00:00,1.3942405
2025-06-25 21:00:00,1.0959533
2025-06-25 22:00:00,0.79022694
2025-06-25 23:00:00,0.5355366
2025-06-26 00:00:00,0.32455385
2025-06-26 01:00:00,0.14951213
2025-06-26 02:00:00,0.004088913
2025-06-26 03:00:00,-0.039901294
2025-06-26 04:00:00,0.41122007
2025-06-26 05:00:00,0.9021485
2025-06-26 06:00:00,1.3351697
